{"cameraMode":{"drawMode":0,"name":"Shaded","section":"Shading Mode"},"sceneLighting":true,"audioPlay":false,"sceneViewState":{"m_AlwaysRefresh":false,"showFog":true,"showSkybox":true,"showFlares":true,"showImageEffects":true,"showParticleSystems":true,"showVisualEffectGraphs":true,"m_FxEnabled":true},"in2DMode":false,"pivot":{"x":-0.6081047058105469,"y":0.841273307800293,"z":2.461121082305908},"rotation":{"x":0.006579993758350611,"y":0.9571912288665772,"z":-0.28856903314590456,"w":0.021828724071383477},"size":0.3458547592163086,"orthographic":false}