{"cameraMode":{"drawMode":0,"name":"Shaded","section":"Shading Mode"},"sceneLighting":true,"audioPlay":false,"sceneViewState":{"m_AlwaysRefresh":false,"showFog":true,"showSkybox":true,"showFlares":true,"showImageEffects":true,"showParticleSystems":true,"showVisualEffectGraphs":true,"m_FxEnabled":true},"in2DMode":false,"pivot":{"x":5.389484405517578,"y":377.3188171386719,"z":-753.0816040039063},"rotation":{"x":0.5591192841529846,"y":-0.01243525929749012,"z":0.008387447334825993,"w":0.8289524912834168},"size":198.66448974609376,"orthographic":false}